name,code
Australia,AUS
Austria,AUT
Belgium,BEL
Canada,CAN
Chile,CHL
Costa Rica,CRI
Czechia,CZE
Denmark,DNK
Estonia,EST
Finland,FIN
Germany,DEU
Greece,GRC
Hungary,HUN
Iceland,ISL
Ireland,IRL
Colombia,COL
Israel,ISR
Italy,ITA
Japan,JPN
Korea,KOR
Latvia,LVA
Lithuania,LTU
Luxembourg,LUX
Mexico,MEX
Netherlands,NLD
New Zealand,NZL
Norway,NOR
Poland,POL
Portugal,PRT
Slovak Republic,SVK
Slovenia,SVN
Spain,ESP
Sweden,SWE
Swithzerland,CHE
Turkiye,TUR
United Kibgdom,GBR
United States,USA
Argentina,ARG
Brazil,BRA
China,CHN
India,IND
Indonesia,IDN
Russia,RUS
Saudi Arabia,SAU
South Africa,ZAF
France,FRA
Croatia,HRV
Romania,ROU
Albania,ALB
Bulgaria,BGR
Cabo Verde,CPV
Cameroon,CMR
Cyprus,CYP
Georgia,GEO
Hong Kong (China),HKG
Madagascar,MDG
Malt,MLT
Morocco,MAR
North Macedonia,MKD
Senegal,SEN
Serbia,SRB
Singapore,SGP
Zambia,ZMB